cell	family	n_obs	beta_t	out_dev	x_dist	n_chunks
n16_b0_o0	gaussian	16	0	0	normal	1
n16_b0_o20	gaussian	16	0	20	normal	1
n16_b1_o0	gaussian	16	1	0	normal	1
n16_b1_o20	gaussian	16	1	20	normal	1
n64_b0_o0	gaussian	64	0	0	normal	2
n64_b0_o20	gaussian	64	0	20	normal	2
n64_b1_o0	gaussian	64	1	0	normal	2
n64_b1_o20	gaussian	64	1	20	normal	2
bin_n16_b0_o0	binomial	16	0	0	normal	1
bin_n16_b0_o5	binomial	16	0	5	normal	1
bin_n16_b1_o0	binomial	16	1	0	normal	1
bin_n16_b1_o5	binomial	16	1	5	normal	1
bin_n64_b0_o0	binomial	64	0	0	normal	1
bin_n64_b0_o5	binomial	64	0	5	normal	1
bin_n64_b1_o0	binomial	64	1	0	normal	1
bin_n64_b1_o5	binomial	64	1	5	normal	1
pois_n16_b0_o0	poisson	16	0	0	normal	1
pois_n16_b0_o2	poisson	16	0	2	normal	1
pois_n16_b1_o0	poisson	16	1	0	normal	1
pois_n16_b1_o2	poisson	16	1	2	normal	1
pois_n64_b0_o0	poisson	64	0	0	normal	2
pois_n64_b0_o2	poisson	64	0	2	normal	2
pois_n64_b1_o0	poisson	64	1	0	normal	2
pois_n64_b1_o2	poisson	64	1	2	normal	2
