cell	family	n_obs	beta_t	out_dev	n_chunks
n16_b0_o200	gaussian	16	0	200	1
n16_b0.05_o200	gaussian	16	0.05	200	1
n16_b0.1_o0	gaussian	16	0.1	0	1
n16_b0.1_o20	gaussian	16	0.1	20	1
n16_b0.2_o0	gaussian	16	0.2	0	1
n16_b0.2_o20	gaussian	16	0.2	20	1
n16_b0.2_o200	gaussian	16	0.2	200	1
n32_b0_o200	gaussian	32	0	200	1
n32_b0.05_o200	gaussian	32	0.05	200	1
n32_b0.2_o20	gaussian	32	0.2	20	1
n32_b0.2_o200	gaussian	32	0.2	200	1
n32_b1_o20	gaussian	32	1	20	1
n64_b0.05_o20	gaussian	64	0.05	20	1
n64_b1_o20	gaussian	64	1	20	1
n128_b0_o20	gaussian	128	0	20	1
n128_b0.1_o200	gaussian	128	0.1	200	1
n128_b1_o200	gaussian	128	1	200	1
bin_n16_b0.05_o2	binomial	16	0.05	2	1
bin_n16_b0.1_o0	binomial	16	0.1	0	1
bin_n16_b1_o0	binomial	16	1	0	1
bin_n32_b0.1_o5	binomial	32	0.1	5	1
bin_n32_b0.2_o0	binomial	32	0.2	0	1
bin_n32_b0.2_o2	binomial	32	0.2	2	1
bin_n32_b0.2_o5	binomial	32	0.2	5	1
bin_n32_b1_o0	binomial	32	1	0	1
bin_n32_b1_o5	binomial	32	1	5	1
bin_n64_b0.1_o5	binomial	64	0.1	5	1
bin_n64_b0.2_o2	binomial	64	0.2	2	1
bin_n64_b1_o2	binomial	64	1	2	1
bin_n64_b1_o5	binomial	64	1	5	1
bin_n128_b0.05_o0	binomial	128	0.05	0	1
bin_n128_b0.05_o5	binomial	128	0.05	5	1
bin_n128_b0.1_o0	binomial	128	0.1	0	1
bin_n128_b0.1_o2	binomial	128	0.1	2	1
bin_n128_b0.2_o2	binomial	128	0.2	2	1
bin_n256_b0_o0	binomial	256	0	0	1
bin_n256_b0.05_o2	binomial	256	0.05	2	1
bin_n256_b0.5_o0	binomial	256	0.5	0	1
bin_n256_b1_o5	binomial	256	1	5	1
bin_n512_b0.1_o5	binomial	512	0.1	5	1
bin_n512_b0.2_o5	binomial	512	0.2	5	1
bin_n512_b1_o0	binomial	512	1	0	1
pois_n16_b0.05_o1	poisson	16	0.05	1	1
pois_n16_b0.2_o1	poisson	16	0.2	1	1
pois_n16_b0.2_o2	poisson	16	0.2	2	1
pois_n16_b1_o2	poisson	16	1	2	1
pois_n32_b0.5_o2	poisson	32	0.5	2	1
pois_n32_b1_o0	poisson	32	1	0	1
pois_n32_b1_o1	poisson	32	1	1	1
pois_n64_b0.05_o1	poisson	64	0.05	1	1
pois_n64_b0.1_o1	poisson	64	0.1	1	1
pois_n64_b0.1_o2	poisson	64	0.1	2	1
pois_n64_b0.2_o1	poisson	64	0.2	1	1
pois_n64_b0.2_o2	poisson	64	0.2	2	1
pois_n64_b0.5_o1	poisson	64	0.5	1	1
pois_n64_b1_o0	poisson	64	1	0	1
pois_n64_b1_o1	poisson	64	1	1	1
pois_n128_b0_o1	poisson	128	0	1	1
pois_n128_b0.05_o1	poisson	128	0.05	1	1
pois_n128_b0.1_o2	poisson	128	0.1	2	1
pois_n128_b0.5_o0	poisson	128	0.5	0	1
pois_n128_b1_o1	poisson	128	1	1	1
pois_n128_b1_o2	poisson	128	1	2	1
pois_n256_b0.05_o2	poisson	256	0.05	2	1
pois_n256_b0.1_o1	poisson	256	0.1	1	1
pois_n256_b1_o1	poisson	256	1	1	1
pois_n512_b0.05_o1	poisson	512	0.05	1	2
