cell	family	n_obs	beta_t	out_dev	x_df	n_chunks
n16_b0_o0	gaussian	16	0	0	Inf	1
n16_b0_o20	gaussian	16	0	20	Inf	1
n16_b0_o200	gaussian	16	0	200	Inf	1
n16_b0.05_o0	gaussian	16	0.05	0	Inf	1
n16_b0.05_o20	gaussian	16	0.05	20	Inf	1
n16_b0.05_o200	gaussian	16	0.05	200	Inf	1
n16_b0.1_o0	gaussian	16	0.1	0	Inf	1
n16_b0.1_o20	gaussian	16	0.1	20	Inf	1
n16_b0.1_o200	gaussian	16	0.1	200	Inf	1
n16_b0.2_o0	gaussian	16	0.2	0	Inf	1
n16_b0.2_o20	gaussian	16	0.2	20	Inf	1
n16_b0.2_o200	gaussian	16	0.2	200	Inf	1
n16_b0.5_o0	gaussian	16	0.5	0	Inf	1
n16_b0.5_o20	gaussian	16	0.5	20	Inf	1
n16_b0.5_o200	gaussian	16	0.5	200	Inf	1
n16_b1_o0	gaussian	16	1	0	Inf	1
n16_b1_o20	gaussian	16	1	20	Inf	1
n16_b1_o200	gaussian	16	1	200	Inf	1
n32_b0_o0	gaussian	32	0	0	Inf	1
n32_b0_o20	gaussian	32	0	20	Inf	1
n32_b0_o200	gaussian	32	0	200	Inf	1
n32_b0.05_o0	gaussian	32	0.05	0	Inf	1
n32_b0.05_o20	gaussian	32	0.05	20	Inf	1
n32_b0.05_o200	gaussian	32	0.05	200	Inf	1
n32_b0.1_o0	gaussian	32	0.1	0	Inf	1
n32_b0.1_o20	gaussian	32	0.1	20	Inf	1
n32_b0.1_o200	gaussian	32	0.1	200	Inf	1
n32_b0.2_o0	gaussian	32	0.2	0	Inf	1
n32_b0.2_o20	gaussian	32	0.2	20	Inf	1
n32_b0.2_o200	gaussian	32	0.2	200	Inf	1
n32_b0.5_o0	gaussian	32	0.5	0	Inf	1
n32_b0.5_o20	gaussian	32	0.5	20	Inf	1
n32_b0.5_o200	gaussian	32	0.5	200	Inf	1
n32_b1_o0	gaussian	32	1	0	Inf	1
n32_b1_o20	gaussian	32	1	20	Inf	1
n32_b1_o200	gaussian	32	1	200	Inf	1
n64_b0_o0	gaussian	64	0	0	Inf	1
n64_b0_o20	gaussian	64	0	20	Inf	1
n64_b0_o200	gaussian	64	0	200	Inf	1
n64_b0.05_o0	gaussian	64	0.05	0	Inf	1
n64_b0.05_o20	gaussian	64	0.05	20	Inf	1
n64_b0.05_o200	gaussian	64	0.05	200	Inf	1
n64_b0.1_o0	gaussian	64	0.1	0	Inf	1
n64_b0.1_o20	gaussian	64	0.1	20	Inf	1
n64_b0.1_o200	gaussian	64	0.1	200	Inf	1
n64_b0.2_o0	gaussian	64	0.2	0	Inf	1
n64_b0.2_o20	gaussian	64	0.2	20	Inf	1
n64_b0.2_o200	gaussian	64	0.2	200	Inf	1
n64_b0.5_o0	gaussian	64	0.5	0	Inf	1
n64_b0.5_o20	gaussian	64	0.5	20	Inf	1
n64_b0.5_o200	gaussian	64	0.5	200	Inf	1
n64_b1_o0	gaussian	64	1	0	Inf	1
n64_b1_o20	gaussian	64	1	20	Inf	1
n64_b1_o200	gaussian	64	1	200	Inf	1
n128_b0_o0	gaussian	128	0	0	Inf	1
n128_b0_o20	gaussian	128	0	20	Inf	1
n128_b0_o200	gaussian	128	0	200	Inf	1
n128_b0.05_o0	gaussian	128	0.05	0	Inf	1
n128_b0.05_o20	gaussian	128	0.05	20	Inf	1
n128_b0.05_o200	gaussian	128	0.05	200	Inf	1
n128_b0.1_o0	gaussian	128	0.1	0	Inf	1
n128_b0.1_o20	gaussian	128	0.1	20	Inf	1
n128_b0.1_o200	gaussian	128	0.1	200	Inf	1
n128_b0.2_o0	gaussian	128	0.2	0	Inf	1
n128_b0.2_o20	gaussian	128	0.2	20	Inf	1
n128_b0.2_o200	gaussian	128	0.2	200	Inf	1
n128_b0.5_o0	gaussian	128	0.5	0	Inf	1
n128_b0.5_o20	gaussian	128	0.5	20	Inf	1
n128_b0.5_o200	gaussian	128	0.5	200	Inf	1
n128_b1_o0	gaussian	128	1	0	Inf	1
n128_b1_o20	gaussian	128	1	20	Inf	1
n128_b1_o200	gaussian	128	1	200	Inf	1
n256_b0_o0	gaussian	256	0	0	Inf	1
n256_b0_o20	gaussian	256	0	20	Inf	1
n256_b0_o200	gaussian	256	0	200	Inf	1
n256_b0.05_o0	gaussian	256	0.05	0	Inf	1
n256_b0.05_o20	gaussian	256	0.05	20	Inf	1
n256_b0.05_o200	gaussian	256	0.05	200	Inf	1
n256_b0.1_o0	gaussian	256	0.1	0	Inf	1
n256_b0.1_o20	gaussian	256	0.1	20	Inf	1
n256_b0.1_o200	gaussian	256	0.1	200	Inf	1
n256_b0.2_o0	gaussian	256	0.2	0	Inf	1
n256_b0.2_o20	gaussian	256	0.2	20	Inf	1
n256_b0.2_o200	gaussian	256	0.2	200	Inf	1
n256_b0.5_o0	gaussian	256	0.5	0	Inf	1
n256_b0.5_o20	gaussian	256	0.5	20	Inf	1
n256_b0.5_o200	gaussian	256	0.5	200	Inf	1
n256_b1_o0	gaussian	256	1	0	Inf	1
n256_b1_o20	gaussian	256	1	20	Inf	1
n256_b1_o200	gaussian	256	1	200	Inf	1
n512_b0_o0	gaussian	512	0	0	Inf	2
n512_b0_o20	gaussian	512	0	20	Inf	2
n512_b0_o200	gaussian	512	0	200	Inf	2
n512_b0.05_o0	gaussian	512	0.05	0	Inf	2
n512_b0.05_o20	gaussian	512	0.05	20	Inf	2
n512_b0.05_o200	gaussian	512	0.05	200	Inf	2
n512_b0.1_o0	gaussian	512	0.1	0	Inf	2
n512_b0.1_o20	gaussian	512	0.1	20	Inf	2
n512_b0.1_o200	gaussian	512	0.1	200	Inf	2
n512_b0.2_o0	gaussian	512	0.2	0	Inf	2
n512_b0.2_o20	gaussian	512	0.2	20	Inf	2
n512_b0.2_o200	gaussian	512	0.2	200	Inf	2
n512_b0.5_o0	gaussian	512	0.5	0	Inf	2
n512_b0.5_o20	gaussian	512	0.5	20	Inf	2
n512_b0.5_o200	gaussian	512	0.5	200	Inf	2
n512_b1_o0	gaussian	512	1	0	Inf	2
n512_b1_o20	gaussian	512	1	20	Inf	2
n512_b1_o200	gaussian	512	1	200	Inf	2
n1024_b0_o0	gaussian	1024	0	0	Inf	4
n1024_b0_o20	gaussian	1024	0	20	Inf	4
n1024_b0_o200	gaussian	1024	0	200	Inf	4
n1024_b0.05_o0	gaussian	1024	0.05	0	Inf	4
n1024_b0.05_o20	gaussian	1024	0.05	20	Inf	4
n1024_b0.05_o200	gaussian	1024	0.05	200	Inf	4
n1024_b0.1_o0	gaussian	1024	0.1	0	Inf	4
n1024_b0.1_o20	gaussian	1024	0.1	20	Inf	4
n1024_b0.1_o200	gaussian	1024	0.1	200	Inf	4
n1024_b0.2_o0	gaussian	1024	0.2	0	Inf	4
n1024_b0.2_o20	gaussian	1024	0.2	20	Inf	4
n1024_b0.2_o200	gaussian	1024	0.2	200	Inf	4
n1024_b0.5_o0	gaussian	1024	0.5	0	Inf	4
n1024_b0.5_o20	gaussian	1024	0.5	20	Inf	4
n1024_b0.5_o200	gaussian	1024	0.5	200	Inf	4
n1024_b1_o0	gaussian	1024	1	0	Inf	4
n1024_b1_o20	gaussian	1024	1	20	Inf	4
n1024_b1_o200	gaussian	1024	1	200	Inf	4
bin_n16_b0_o0	binomial	16	0	0	Inf	1
bin_n16_b0_o2	binomial	16	0	2	Inf	1
bin_n16_b0_o5	binomial	16	0	5	Inf	1
bin_n16_b0.05_o0	binomial	16	0.05	0	Inf	1
bin_n16_b0.05_o2	binomial	16	0.05	2	Inf	1
bin_n16_b0.05_o5	binomial	16	0.05	5	Inf	1
bin_n16_b0.1_o0	binomial	16	0.1	0	Inf	1
bin_n16_b0.1_o2	binomial	16	0.1	2	Inf	1
bin_n16_b0.1_o5	binomial	16	0.1	5	Inf	1
bin_n16_b0.2_o0	binomial	16	0.2	0	Inf	1
bin_n16_b0.2_o2	binomial	16	0.2	2	Inf	1
bin_n16_b0.2_o5	binomial	16	0.2	5	Inf	1
bin_n16_b0.5_o0	binomial	16	0.5	0	Inf	1
bin_n16_b0.5_o2	binomial	16	0.5	2	Inf	1
bin_n16_b0.5_o5	binomial	16	0.5	5	Inf	1
bin_n16_b1_o0	binomial	16	1	0	Inf	1
bin_n16_b1_o2	binomial	16	1	2	Inf	1
bin_n16_b1_o5	binomial	16	1	5	Inf	1
bin_n32_b0_o0	binomial	32	0	0	Inf	1
bin_n32_b0_o2	binomial	32	0	2	Inf	1
bin_n32_b0_o5	binomial	32	0	5	Inf	1
bin_n32_b0.05_o0	binomial	32	0.05	0	Inf	1
bin_n32_b0.05_o2	binomial	32	0.05	2	Inf	1
bin_n32_b0.05_o5	binomial	32	0.05	5	Inf	1
bin_n32_b0.1_o0	binomial	32	0.1	0	Inf	1
bin_n32_b0.1_o2	binomial	32	0.1	2	Inf	1
bin_n32_b0.1_o5	binomial	32	0.1	5	Inf	1
bin_n32_b0.2_o0	binomial	32	0.2	0	Inf	1
bin_n32_b0.2_o2	binomial	32	0.2	2	Inf	1
bin_n32_b0.2_o5	binomial	32	0.2	5	Inf	1
bin_n32_b0.5_o0	binomial	32	0.5	0	Inf	1
bin_n32_b0.5_o2	binomial	32	0.5	2	Inf	1
bin_n32_b0.5_o5	binomial	32	0.5	5	Inf	1
bin_n32_b1_o0	binomial	32	1	0	Inf	1
bin_n32_b1_o2	binomial	32	1	2	Inf	1
bin_n32_b1_o5	binomial	32	1	5	Inf	1
bin_n64_b0_o0	binomial	64	0	0	Inf	1
bin_n64_b0_o2	binomial	64	0	2	Inf	1
bin_n64_b0_o5	binomial	64	0	5	Inf	1
bin_n64_b0.05_o0	binomial	64	0.05	0	Inf	1
bin_n64_b0.05_o2	binomial	64	0.05	2	Inf	1
bin_n64_b0.05_o5	binomial	64	0.05	5	Inf	1
bin_n64_b0.1_o0	binomial	64	0.1	0	Inf	1
bin_n64_b0.1_o2	binomial	64	0.1	2	Inf	1
bin_n64_b0.1_o5	binomial	64	0.1	5	Inf	1
bin_n64_b0.2_o0	binomial	64	0.2	0	Inf	1
bin_n64_b0.2_o2	binomial	64	0.2	2	Inf	1
bin_n64_b0.2_o5	binomial	64	0.2	5	Inf	1
bin_n64_b0.5_o0	binomial	64	0.5	0	Inf	1
bin_n64_b0.5_o2	binomial	64	0.5	2	Inf	1
bin_n64_b0.5_o5	binomial	64	0.5	5	Inf	1
bin_n64_b1_o0	binomial	64	1	0	Inf	1
bin_n64_b1_o2	binomial	64	1	2	Inf	1
bin_n64_b1_o5	binomial	64	1	5	Inf	1
bin_n128_b0_o0	binomial	128	0	0	Inf	1
bin_n128_b0_o2	binomial	128	0	2	Inf	1
bin_n128_b0_o5	binomial	128	0	5	Inf	1
bin_n128_b0.05_o0	binomial	128	0.05	0	Inf	1
bin_n128_b0.05_o2	binomial	128	0.05	2	Inf	1
bin_n128_b0.05_o5	binomial	128	0.05	5	Inf	1
bin_n128_b0.1_o0	binomial	128	0.1	0	Inf	1
bin_n128_b0.1_o2	binomial	128	0.1	2	Inf	1
bin_n128_b0.1_o5	binomial	128	0.1	5	Inf	1
bin_n128_b0.2_o0	binomial	128	0.2	0	Inf	1
bin_n128_b0.2_o2	binomial	128	0.2	2	Inf	1
bin_n128_b0.2_o5	binomial	128	0.2	5	Inf	1
bin_n128_b0.5_o0	binomial	128	0.5	0	Inf	1
bin_n128_b0.5_o2	binomial	128	0.5	2	Inf	1
bin_n128_b0.5_o5	binomial	128	0.5	5	Inf	1
bin_n128_b1_o0	binomial	128	1	0	Inf	1
bin_n128_b1_o2	binomial	128	1	2	Inf	1
bin_n128_b1_o5	binomial	128	1	5	Inf	1
bin_n256_b0_o0	binomial	256	0	0	Inf	1
bin_n256_b0_o2	binomial	256	0	2	Inf	1
bin_n256_b0_o5	binomial	256	0	5	Inf	1
bin_n256_b0.05_o0	binomial	256	0.05	0	Inf	1
bin_n256_b0.05_o2	binomial	256	0.05	2	Inf	1
bin_n256_b0.05_o5	binomial	256	0.05	5	Inf	1
bin_n256_b0.1_o0	binomial	256	0.1	0	Inf	1
bin_n256_b0.1_o2	binomial	256	0.1	2	Inf	1
bin_n256_b0.1_o5	binomial	256	0.1	5	Inf	1
bin_n256_b0.2_o0	binomial	256	0.2	0	Inf	1
bin_n256_b0.2_o2	binomial	256	0.2	2	Inf	1
bin_n256_b0.2_o5	binomial	256	0.2	5	Inf	1
bin_n256_b0.5_o0	binomial	256	0.5	0	Inf	1
bin_n256_b0.5_o2	binomial	256	0.5	2	Inf	1
bin_n256_b0.5_o5	binomial	256	0.5	5	Inf	1
bin_n256_b1_o0	binomial	256	1	0	Inf	1
bin_n256_b1_o2	binomial	256	1	2	Inf	1
bin_n256_b1_o5	binomial	256	1	5	Inf	1
bin_n512_b0_o0	binomial	512	0	0	Inf	1
bin_n512_b0_o2	binomial	512	0	2	Inf	1
bin_n512_b0_o5	binomial	512	0	5	Inf	1
bin_n512_b0.05_o0	binomial	512	0.05	0	Inf	1
bin_n512_b0.05_o2	binomial	512	0.05	2	Inf	1
bin_n512_b0.05_o5	binomial	512	0.05	5	Inf	1
bin_n512_b0.1_o0	binomial	512	0.1	0	Inf	1
bin_n512_b0.1_o2	binomial	512	0.1	2	Inf	1
bin_n512_b0.1_o5	binomial	512	0.1	5	Inf	1
bin_n512_b0.2_o0	binomial	512	0.2	0	Inf	1
bin_n512_b0.2_o2	binomial	512	0.2	2	Inf	1
bin_n512_b0.2_o5	binomial	512	0.2	5	Inf	1
bin_n512_b0.5_o0	binomial	512	0.5	0	Inf	1
bin_n512_b0.5_o2	binomial	512	0.5	2	Inf	1
bin_n512_b0.5_o5	binomial	512	0.5	5	Inf	1
bin_n512_b1_o0	binomial	512	1	0	Inf	1
bin_n512_b1_o2	binomial	512	1	2	Inf	1
bin_n512_b1_o5	binomial	512	1	5	Inf	1
bin_n1024_b0_o0	binomial	1024	0	0	Inf	1
bin_n1024_b0_o2	binomial	1024	0	2	Inf	1
bin_n1024_b0_o5	binomial	1024	0	5	Inf	1
bin_n1024_b0.05_o0	binomial	1024	0.05	0	Inf	1
bin_n1024_b0.05_o2	binomial	1024	0.05	2	Inf	1
bin_n1024_b0.05_o5	binomial	1024	0.05	5	Inf	1
bin_n1024_b0.1_o0	binomial	1024	0.1	0	Inf	1
bin_n1024_b0.1_o2	binomial	1024	0.1	2	Inf	1
bin_n1024_b0.1_o5	binomial	1024	0.1	5	Inf	1
bin_n1024_b0.2_o0	binomial	1024	0.2	0	Inf	1
bin_n1024_b0.2_o2	binomial	1024	0.2	2	Inf	1
bin_n1024_b0.2_o5	binomial	1024	0.2	5	Inf	1
bin_n1024_b0.5_o0	binomial	1024	0.5	0	Inf	1
bin_n1024_b0.5_o2	binomial	1024	0.5	2	Inf	1
bin_n1024_b0.5_o5	binomial	1024	0.5	5	Inf	1
bin_n1024_b1_o0	binomial	1024	1	0	Inf	1
bin_n1024_b1_o2	binomial	1024	1	2	Inf	1
bin_n1024_b1_o5	binomial	1024	1	5	Inf	1
pois_n16_b0_o0	poisson	16	0	0	Inf	1
pois_n16_b0_o1	poisson	16	0	1	Inf	1
pois_n16_b0_o2	poisson	16	0	2	Inf	1
pois_n16_b0.05_o0	poisson	16	0.05	0	Inf	1
pois_n16_b0.05_o1	poisson	16	0.05	1	Inf	1
pois_n16_b0.05_o2	poisson	16	0.05	2	Inf	1
pois_n16_b0.1_o0	poisson	16	0.1	0	Inf	1
pois_n16_b0.1_o1	poisson	16	0.1	1	Inf	1
pois_n16_b0.1_o2	poisson	16	0.1	2	Inf	1
pois_n16_b0.2_o0	poisson	16	0.2	0	Inf	1
pois_n16_b0.2_o1	poisson	16	0.2	1	Inf	1
pois_n16_b0.2_o2	poisson	16	0.2	2	Inf	1
pois_n16_b0.5_o0	poisson	16	0.5	0	Inf	1
pois_n16_b0.5_o1	poisson	16	0.5	1	Inf	1
pois_n16_b0.5_o2	poisson	16	0.5	2	Inf	1
pois_n16_b1_o0	poisson	16	1	0	Inf	1
pois_n16_b1_o1	poisson	16	1	1	Inf	1
pois_n16_b1_o2	poisson	16	1	2	Inf	1
pois_n32_b0_o0	poisson	32	0	0	Inf	1
pois_n32_b0_o1	poisson	32	0	1	Inf	1
pois_n32_b0_o2	poisson	32	0	2	Inf	1
pois_n32_b0.05_o0	poisson	32	0.05	0	Inf	1
pois_n32_b0.05_o1	poisson	32	0.05	1	Inf	1
pois_n32_b0.05_o2	poisson	32	0.05	2	Inf	1
pois_n32_b0.1_o0	poisson	32	0.1	0	Inf	1
pois_n32_b0.1_o1	poisson	32	0.1	1	Inf	1
pois_n32_b0.1_o2	poisson	32	0.1	2	Inf	1
pois_n32_b0.2_o0	poisson	32	0.2	0	Inf	1
pois_n32_b0.2_o1	poisson	32	0.2	1	Inf	1
pois_n32_b0.2_o2	poisson	32	0.2	2	Inf	1
pois_n32_b0.5_o0	poisson	32	0.5	0	Inf	1
pois_n32_b0.5_o1	poisson	32	0.5	1	Inf	1
pois_n32_b0.5_o2	poisson	32	0.5	2	Inf	1
pois_n32_b1_o0	poisson	32	1	0	Inf	1
pois_n32_b1_o1	poisson	32	1	1	Inf	1
pois_n32_b1_o2	poisson	32	1	2	Inf	1
pois_n64_b0_o0	poisson	64	0	0	Inf	1
pois_n64_b0_o1	poisson	64	0	1	Inf	1
pois_n64_b0_o2	poisson	64	0	2	Inf	1
pois_n64_b0.05_o0	poisson	64	0.05	0	Inf	1
pois_n64_b0.05_o1	poisson	64	0.05	1	Inf	1
pois_n64_b0.05_o2	poisson	64	0.05	2	Inf	1
pois_n64_b0.1_o0	poisson	64	0.1	0	Inf	1
pois_n64_b0.1_o1	poisson	64	0.1	1	Inf	1
pois_n64_b0.1_o2	poisson	64	0.1	2	Inf	1
pois_n64_b0.2_o0	poisson	64	0.2	0	Inf	1
pois_n64_b0.2_o1	poisson	64	0.2	1	Inf	1
pois_n64_b0.2_o2	poisson	64	0.2	2	Inf	1
pois_n64_b0.5_o0	poisson	64	0.5	0	Inf	1
pois_n64_b0.5_o1	poisson	64	0.5	1	Inf	1
pois_n64_b0.5_o2	poisson	64	0.5	2	Inf	1
pois_n64_b1_o0	poisson	64	1	0	Inf	1
pois_n64_b1_o1	poisson	64	1	1	Inf	1
pois_n64_b1_o2	poisson	64	1	2	Inf	1
pois_n128_b0_o0	poisson	128	0	0	Inf	1
pois_n128_b0_o1	poisson	128	0	1	Inf	1
pois_n128_b0_o2	poisson	128	0	2	Inf	1
pois_n128_b0.05_o0	poisson	128	0.05	0	Inf	1
pois_n128_b0.05_o1	poisson	128	0.05	1	Inf	1
pois_n128_b0.05_o2	poisson	128	0.05	2	Inf	1
pois_n128_b0.1_o0	poisson	128	0.1	0	Inf	1
pois_n128_b0.1_o1	poisson	128	0.1	1	Inf	1
pois_n128_b0.1_o2	poisson	128	0.1	2	Inf	1
pois_n128_b0.2_o0	poisson	128	0.2	0	Inf	1
pois_n128_b0.2_o1	poisson	128	0.2	1	Inf	1
pois_n128_b0.2_o2	poisson	128	0.2	2	Inf	1
pois_n128_b0.5_o0	poisson	128	0.5	0	Inf	1
pois_n128_b0.5_o1	poisson	128	0.5	1	Inf	1
pois_n128_b0.5_o2	poisson	128	0.5	2	Inf	1
pois_n128_b1_o0	poisson	128	1	0	Inf	1
pois_n128_b1_o1	poisson	128	1	1	Inf	1
pois_n128_b1_o2	poisson	128	1	2	Inf	1
pois_n256_b0_o0	poisson	256	0	0	Inf	1
pois_n256_b0_o1	poisson	256	0	1	Inf	1
pois_n256_b0_o2	poisson	256	0	2	Inf	1
pois_n256_b0.05_o0	poisson	256	0.05	0	Inf	1
pois_n256_b0.05_o1	poisson	256	0.05	1	Inf	1
pois_n256_b0.05_o2	poisson	256	0.05	2	Inf	1
pois_n256_b0.1_o0	poisson	256	0.1	0	Inf	1
pois_n256_b0.1_o1	poisson	256	0.1	1	Inf	1
pois_n256_b0.1_o2	poisson	256	0.1	2	Inf	1
pois_n256_b0.2_o0	poisson	256	0.2	0	Inf	1
pois_n256_b0.2_o1	poisson	256	0.2	1	Inf	1
pois_n256_b0.2_o2	poisson	256	0.2	2	Inf	1
pois_n256_b0.5_o0	poisson	256	0.5	0	Inf	1
pois_n256_b0.5_o1	poisson	256	0.5	1	Inf	1
pois_n256_b0.5_o2	poisson	256	0.5	2	Inf	1
pois_n256_b1_o0	poisson	256	1	0	Inf	1
pois_n256_b1_o1	poisson	256	1	1	Inf	1
pois_n256_b1_o2	poisson	256	1	2	Inf	1
pois_n512_b0_o0	poisson	512	0	0	Inf	2
pois_n512_b0_o1	poisson	512	0	1	Inf	2
pois_n512_b0_o2	poisson	512	0	2	Inf	2
pois_n512_b0.05_o0	poisson	512	0.05	0	Inf	2
pois_n512_b0.05_o1	poisson	512	0.05	1	Inf	2
pois_n512_b0.05_o2	poisson	512	0.05	2	Inf	2
pois_n512_b0.1_o0	poisson	512	0.1	0	Inf	2
pois_n512_b0.1_o1	poisson	512	0.1	1	Inf	2
pois_n512_b0.1_o2	poisson	512	0.1	2	Inf	2
pois_n512_b0.2_o0	poisson	512	0.2	0	Inf	2
pois_n512_b0.2_o1	poisson	512	0.2	1	Inf	2
pois_n512_b0.2_o2	poisson	512	0.2	2	Inf	2
pois_n512_b0.5_o0	poisson	512	0.5	0	Inf	2
pois_n512_b0.5_o1	poisson	512	0.5	1	Inf	2
pois_n512_b0.5_o2	poisson	512	0.5	2	Inf	2
pois_n512_b1_o0	poisson	512	1	0	Inf	2
pois_n512_b1_o1	poisson	512	1	1	Inf	2
pois_n512_b1_o2	poisson	512	1	2	Inf	2
pois_n1024_b0_o0	poisson	1024	0	0	Inf	4
pois_n1024_b0_o1	poisson	1024	0	1	Inf	4
pois_n1024_b0_o2	poisson	1024	0	2	Inf	4
pois_n1024_b0.05_o0	poisson	1024	0.05	0	Inf	4
pois_n1024_b0.05_o1	poisson	1024	0.05	1	Inf	4
pois_n1024_b0.05_o2	poisson	1024	0.05	2	Inf	4
pois_n1024_b0.1_o0	poisson	1024	0.1	0	Inf	4
pois_n1024_b0.1_o1	poisson	1024	0.1	1	Inf	4
pois_n1024_b0.1_o2	poisson	1024	0.1	2	Inf	4
pois_n1024_b0.2_o0	poisson	1024	0.2	0	Inf	4
pois_n1024_b0.2_o1	poisson	1024	0.2	1	Inf	4
pois_n1024_b0.2_o2	poisson	1024	0.2	2	Inf	4
pois_n1024_b0.5_o0	poisson	1024	0.5	0	Inf	4
pois_n1024_b0.5_o1	poisson	1024	0.5	1	Inf	4
pois_n1024_b0.5_o2	poisson	1024	0.5	2	Inf	4
pois_n1024_b1_o0	poisson	1024	1	0	Inf	4
pois_n1024_b1_o1	poisson	1024	1	1	Inf	4
pois_n1024_b1_o2	poisson	1024	1	2	Inf	4
